{
    "rmse": 7743.297290335293,
    "mae": 4883.522371253189,
    "r2": 0.8340593999258545,
    "mape": 10.088219507699593
}